,,,,Weighted,,,,Benign,,,,Malware,,,
,J48,RandomForest,NBT,FT,LMT,J48,RandomForest,NBT,FT,LMT,J48,RandomForest,NBT,FT,LMT
dom_20,0.007340147890387124,0.0,0.0,0.006978879706152434,0.0,0.0,0.0,0.0,0.011111111111111112,0.0,0.019736842105263157,0.0,0.0,0.0,0.0
dom_40,0.007340147890387124,0.0,0.0,0.0,0.007340147890387124,0.0,0.0,0.0,0.0,0.0,0.019736842105263157,0.0,0.0,0.0,0.019736842105263157
dom_60,0.0,0.0,0.002446715963462375,0.0,0.00942559566961481,0.0,0.0,0.0,0.0,0.011111111111111112,0.0,0.0,0.006578947368421052,0.0,0.006578947368421052
dom_80,0.0,0.0,0.0,0.0,0.0,0.0,0.0,0.0,0.0,0.0,0.0,0.0,0.0,0.0,0.0
dom_100,0.0,0.0,0.0,0.0,0.0,0.0,0.0,0.0,0.0,0.0,0.0,0.0,0.0,0.0,0.0
dom_120,0.0,0.0,0.0,0.0,0.0,0.0,0.0,0.0,0.0,0.0,0.0,0.0,0.0,0.0,0.0
dom_140,0.0,0.0,0.0,0.0,0.0,0.0,0.0,0.0,0.0,0.0,0.0,0.0,0.0,0.0,0.0
dom_160,0.0,0.0,0.0,0.0,0.0,0.0,0.0,0.0,0.0,0.0,0.0,0.0,0.0,0.0,0.0
dom_180,0.0,0.0,0.0,0.0,0.0,0.0,0.0,0.0,0.0,0.0,0.0,0.0,0.0,0.0,0.0
dom_200,0.0,0.0,0.0,0.0,0.0,0.0,0.0,0.0,0.0,0.0,0.0,0.0,0.0,0.0,0.0
