, ,,,Weighted,,,,Benign,,,,Malware,,,
,J48,RandomForest,NBT,FT,LMT,J48,RandomForest,NBT,FT,LMT,J48,RandomForest,NBT,FT,LMT
dom_20,0.012396694214876033,0.0,0.0,0.004132231404958678,0.0,0.019736842105263157,0.0,0.0,0.0,0.0,0.0,0.0,0.0,0.011111111111111112,0.0
dom_40,0.012396694214876033,0.0,0.0,0.0,0.012396694214876033,0.019736842105263157,0.0,0.0,0.0,0.019736842105263157,0.0,0.0,0.0,0.0,0.0
dom_60,0.0,0.0,0.004132231404958678,0.0,0.008264462809917356,0.0,0.0,0.006578947368421052,0.0,0.006578947368421052,0.0,0.0,0.0,0.0,0.011111111111111112
dom_80,0.0,0.0,0.0,0.0,0.0,0.0,0.0,0.0,0.0,0.0,0.0,0.0,0.0,0.0,0.0
dom_100,0.0,0.0,0.0,0.0,0.0,0.0,0.0,0.0,0.0,0.0,0.0,0.0,0.0,0.0,0.0
dom_120,0.0,0.0,0.0,0.0,0.0,0.0,0.0,0.0,0.0,0.0,0.0,0.0,0.0,0.0,0.0
dom_140,0.0,0.0,0.0,0.0,0.0,0.0,0.0,0.0,0.0,0.0,0.0,0.0,0.0,0.0,0.0
dom_160,0.0,0.0,0.0,0.0,0.0,0.0,0.0,0.0,0.0,0.0,0.0,0.0,0.0,0.0,0.0
dom_180,0.0,0.0,0.0,0.0,0.0,0.0,0.0,0.0,0.0,0.0,0.0,0.0,0.0,0.0,0.0
dom_200,0.0,0.0,0.0,0.0,0.0,0.0,0.0,0.0,0.0,0.0,0.0,0.0,0.0,0.0,0.0
