op5,op11,op31,op33,op83,op84,op123,op129,op210,op430,op445,op446,op463,op466,op472,op490,op491,op494,op519,op567,op568,op569,op641,op655,op671,op682,op693,op713,op718,op723,op732,op851,op912,op918,op950,op955,op1022,op1091,op1113,op1788,class
2.000000000000000000,5.000000000000000000,1.000000000000000000,0.000000000000000000,0.000000000000000000,0.000000000000000000,8.000000000000000000,0.000000000000000000,0.000000000000000000,0.000000000000000000,17.000000000000000000,0.000000000000000000,0.000000000000000000,0.000000000000000000,0.000000000000000000,3.000000000000000000,0.000000000000000000,1.000000000000000000,5.000000000000000000,3.000000000000000000,4.000000000000000000,0.000000000000000000,59.000000000000000000,0.000000000000000000,2.000000000000000000,6.000000000000000000,0.000000000000000000,0.000000000000000000,0.000000000000000000,0.000000000000000000,0.000000000000000000,27.000000000000000000,28.000000000000000000,0.000000000000000000,1.000000000000000000,0.000000000000000000,0.000000000000000000,7.000000000000000000,0.000000000000000000,5.000000000000000000,m
2.000000000000000000,7.000000000000000000,1.000000000000000000,0.000000000000000000,3.000000000000000000,0.000000000000000000,7.000000000000000000,0.000000000000000000,0.000000000000000000,3.000000000000000000,22.000000000000000000,0.000000000000000000,0.000000000000000000,0.000000000000000000,0.000000000000000000,3.000000000000000000,0.000000000000000000,1.000000000000000000,3.000000000000000000,0.000000000000000000,21.000000000000000000,0.000000000000000000,60.000000000000000000,0.000000000000000000,4.000000000000000000,9.000000000000000000,0.000000000000000000,0.000000000000000000,0.000000000000000000,0.000000000000000000,0.000000000000000000,20.000000000000000000,21.000000000000000000,0.000000000000000000,1.000000000000000000,0.000000000000000000,0.000000000000000000,4.000000000000000000,0.000000000000000000,5.000000000000000000,m
2.000000000000000000,5.000000000000000000,1.000000000000000000,0.000000000000000000,3.000000000000000000,0.000000000000000000,7.000000000000000000,0.000000000000000000,0.000000000000000000,1.000000000000000000,20.000000000000000000,0.000000000000000000,0.000000000000000000,0.000000000000000000,1.000000000000000000,3.000000000000000000,0.000000000000000000,0.000000000000000000,3.000000000000000000,0.000000000000000000,18.000000000000000000,0.000000000000000000,47.000000000000000000,0.000000000000000000,4.000000000000000000,9.000000000000000000,0.000000000000000000,0.000000000000000000,0.000000000000000000,0.000000000000000000,0.000000000000000000,18.000000000000000000,18.000000000000000000,0.000000000000000000,1.000000000000000000,0.000000000000000000,0.000000000000000000,4.000000000000000000,0.000000000000000000,4.000000000000000000,m
2.000000000000000000,8.000000000000000000,1.000000000000000000,0.000000000000000000,1.000000000000000000,0.000000000000000000,8.000000000000000000,0.000000000000000000,0.000000000000000000,0.000000000000000000,15.000000000000000000,0.000000000000000000,0.000000000000000000,0.000000000000000000,1.000000000000000000,3.000000000000000000,0.000000000000000000,0.000000000000000000,5.000000000000000000,3.000000000000000000,3.000000000000000000,0.000000000000000000,67.000000000000000000,0.000000000000000000,4.000000000000000000,5.000000000000000000,0.000000000000000000,0.000000000000000000,0.000000000000000000,0.000000000000000000,0.000000000000000000,28.000000000000000000,29.000000000000000000,0.000000000000000000,1.000000000000000000,0.000000000000000000,0.000000000000000000,7.000000000000000000,0.000000000000000000,6.000000000000000000,m
2.000000000000000000,8.000000000000000000,1.000000000000000000,0.000000000000000000,3.000000000000000000,0.000000000000000000,7.000000000000000000,0.000000000000000000,0.000000000000000000,1.000000000000000000,22.000000000000000000,0.000000000000000000,0.000000000000000000,0.000000000000000000,1.000000000000000000,3.000000000000000000,0.000000000000000000,0.000000000000000000,3.000000000000000000,0.000000000000000000,21.000000000000000000,0.000000000000000000,61.000000000000000000,0.000000000000000000,1.000000000000000000,9.000000000000000000,0.000000000000000000,0.000000000000000000,0.000000000000000000,0.000000000000000000,0.000000000000000000,20.000000000000000000,21.000000000000000000,0.000000000000000000,1.000000000000000000,0.000000000000000000,0.000000000000000000,4.000000000000000000,0.000000000000000000,4.000000000000000000,m
2.000000000000000000,7.000000000000000000,1.000000000000000000,0.000000000000000000,2.000000000000000000,0.000000000000000000,8.000000000000000000,0.000000000000000000,0.000000000000000000,0.000000000000000000,20.000000000000000000,0.000000000000000000,0.000000000000000000,0.000000000000000000,1.000000000000000000,3.000000000000000000,0.000000000000000000,0.000000000000000000,5.000000000000000000,3.000000000000000000,4.000000000000000000,0.000000000000000000,76.000000000000000000,0.000000000000000000,1.000000000000000000,5.000000000000000000,0.000000000000000000,0.000000000000000000,0.000000000000000000,0.000000000000000000,0.000000000000000000,31.000000000000000000,31.000000000000000000,0.000000000000000000,1.000000000000000000,0.000000000000000000,0.000000000000000000,7.000000000000000000,0.000000000000000000,6.000000000000000000,m
2.000000000000000000,7.000000000000000000,1.000000000000000000,0.000000000000000000,3.000000000000000000,0.000000000000000000,7.000000000000000000,0.000000000000000000,0.000000000000000000,1.000000000000000000,22.000000000000000000,0.000000000000000000,0.000000000000000000,0.000000000000000000,1.000000000000000000,3.000000000000000000,0.000000000000000000,0.000000000000000000,3.000000000000000000,0.000000000000000000,21.000000000000000000,0.000000000000000000,59.000000000000000000,0.000000000000000000,4.000000000000000000,9.000000000000000000,0.000000000000000000,0.000000000000000000,0.000000000000000000,0.000000000000000000,0.000000000000000000,20.000000000000000000,21.000000000000000000,0.000000000000000000,1.000000000000000000,0.000000000000000000,0.000000000000000000,5.000000000000000000,0.000000000000000000,4.000000000000000000,m
2.000000000000000000,8.000000000000000000,1.000000000000000000,0.000000000000000000,4.000000000000000000,0.000000000000000000,7.000000000000000000,0.000000000000000000,0.000000000000000000,1.000000000000000000,21.000000000000000000,0.000000000000000000,0.000000000000000000,0.000000000000000000,0.000000000000000000,3.000000000000000000,0.000000000000000000,1.000000000000000000,3.000000000000000000,0.000000000000000000,21.000000000000000000,0.000000000000000000,58.000000000000000000,0.000000000000000000,2.000000000000000000,10.000000000000000000,0.000000000000000000,0.000000000000000000,0.000000000000000000,0.000000000000000000,0.000000000000000000,21.000000000000000000,21.000000000000000000,0.000000000000000000,1.000000000000000000,0.000000000000000000,0.000000000000000000,4.000000000000000000,0.000000000000000000,5.000000000000000000,m
2.000000000000000000,7.000000000000000000,1.000000000000000000,0.000000000000000000,3.000000000000000000,0.000000000000000000,7.000000000000000000,0.000000000000000000,0.000000000000000000,3.000000000000000000,22.000000000000000000,0.000000000000000000,0.000000000000000000,0.000000000000000000,0.000000000000000000,3.000000000000000000,0.000000000000000000,1.000000000000000000,3.000000000000000000,0.000000000000000000,21.000000000000000000,0.000000000000000000,61.000000000000000000,0.000000000000000000,4.000000000000000000,9.000000000000000000,0.000000000000000000,0.000000000000000000,0.000000000000000000,0.000000000000000000,0.000000000000000000,20.000000000000000000,21.000000000000000000,0.000000000000000000,1.000000000000000000,0.000000000000000000,0.000000000000000000,4.000000000000000000,0.000000000000000000,6.000000000000000000,m
2.000000000000000000,7.000000000000000000,1.000000000000000000,0.000000000000000000,1.000000000000000000,0.000000000000000000,8.000000000000000000,0.000000000000000000,0.000000000000000000,0.000000000000000000,18.000000000000000000,0.000000000000000000,0.000000000000000000,0.000000000000000000,0.000000000000000000,3.000000000000000000,0.000000000000000000,1.000000000000000000,5.000000000000000000,3.000000000000000000,3.000000000000000000,0.000000000000000000,75.000000000000000000,0.000000000000000000,1.000000000000000000,5.000000000000000000,0.000000000000000000,0.000000000000000000,0.000000000000000000,0.000000000000000000,0.000000000000000000,28.000000000000000000,29.000000000000000000,0.000000000000000000,1.000000000000000000,0.000000000000000000,0.000000000000000000,7.000000000000000000,0.000000000000000000,6.000000000000000000,m
2.000000000000000000,7.000000000000000000,1.000000000000000000,0.000000000000000000,4.000000000000000000,0.000000000000000000,7.000000000000000000,0.000000000000000000,0.000000000000000000,3.000000000000000000,21.000000000000000000,0.000000000000000000,0.000000000000000000,0.000000000000000000,0.000000000000000000,3.000000000000000000,0.000000000000000000,1.000000000000000000,3.000000000000000000,0.000000000000000000,21.000000000000000000,0.000000000000000000,59.000000000000000000,0.000000000000000000,1.000000000000000000,9.000000000000000000,0.000000000000000000,0.000000000000000000,0.000000000000000000,0.000000000000000000,0.000000000000000000,21.000000000000000000,21.000000000000000000,0.000000000000000000,1.000000000000000000,0.000000000000000000,0.000000000000000000,4.000000000000000000,0.000000000000000000,4.000000000000000000,m
2.000000000000000000,7.000000000000000000,1.000000000000000000,0.000000000000000000,2.000000000000000000,0.000000000000000000,8.000000000000000000,0.000000000000000000,0.000000000000000000,3.000000000000000000,14.000000000000000000,0.000000000000000000,0.000000000000000000,0.000000000000000000,1.000000000000000000,3.000000000000000000,0.000000000000000000,0.000000000000000000,5.000000000000000000,3.000000000000000000,3.000000000000000000,0.000000000000000000,70.000000000000000000,0.000000000000000000,2.000000000000000000,6.000000000000000000,0.000000000000000000,0.000000000000000000,0.000000000000000000,0.000000000000000000,0.000000000000000000,29.000000000000000000,29.000000000000000000,0.000000000000000000,1.000000000000000000,0.000000000000000000,0.000000000000000000,6.000000000000000000,0.000000000000000000,6.000000000000000000,m
2.000000000000000000,5.000000000000000000,1.000000000000000000,0.000000000000000000,3.000000000000000000,0.000000000000000000,7.000000000000000000,0.000000000000000000,0.000000000000000000,1.000000000000000000,20.000000000000000000,0.000000000000000000,0.000000000000000000,0.000000000000000000,0.000000000000000000,3.000000000000000000,0.000000000000000000,1.000000000000000000,3.000000000000000000,0.000000000000000000,18.000000000000000000,0.000000000000000000,48.000000000000000000,0.000000000000000000,2.000000000000000000,10.000000000000000000,0.000000000000000000,0.000000000000000000,0.000000000000000000,0.000000000000000000,0.000000000000000000,18.000000000000000000,18.000000000000000000,0.000000000000000000,1.000000000000000000,0.000000000000000000,0.000000000000000000,4.000000000000000000,0.000000000000000000,3.000000000000000000,m
2.000000000000000000,7.000000000000000000,1.000000000000000000,0.000000000000000000,4.000000000000000000,0.000000000000000000,7.000000000000000000,0.000000000000000000,0.000000000000000000,3.000000000000000000,21.000000000000000000,0.000000000000000000,0.000000000000000000,0.000000000000000000,0.000000000000000000,3.000000000000000000,0.000000000000000000,1.000000000000000000,3.000000000000000000,0.000000000000000000,21.000000000000000000,0.000000000000000000,58.000000000000000000,0.000000000000000000,2.000000000000000000,10.000000000000000000,0.000000000000000000,0.000000000000000000,0.000000000000000000,0.000000000000000000,0.000000000000000000,21.000000000000000000,21.000000000000000000,0.000000000000000000,1.000000000000000000,0.000000000000000000,0.000000000000000000,4.000000000000000000,0.000000000000000000,5.000000000000000000,m
2.000000000000000000,5.000000000000000000,1.000000000000000000,0.000000000000000000,2.000000000000000000,0.000000000000000000,7.000000000000000000,0.000000000000000000,0.000000000000000000,1.000000000000000000,21.000000000000000000,0.000000000000000000,0.000000000000000000,0.000000000000000000,0.000000000000000000,3.000000000000000000,0.000000000000000000,1.000000000000000000,3.000000000000000000,0.000000000000000000,18.000000000000000000,0.000000000000000000,50.000000000000000000,0.000000000000000000,1.000000000000000000,9.000000000000000000,0.000000000000000000,0.000000000000000000,0.000000000000000000,0.000000000000000000,0.000000000000000000,17.000000000000000000,18.000000000000000000,0.000000000000000000,1.000000000000000000,0.000000000000000000,0.000000000000000000,4.000000000000000000,0.000000000000000000,4.000000000000000000,m
2.000000000000000000,5.000000000000000000,1.000000000000000000,0.000000000000000000,0.000000000000000000,0.000000000000000000,8.000000000000000000,0.000000000000000000,0.000000000000000000,0.000000000000000000,20.000000000000000000,0.000000000000000000,0.000000000000000000,0.000000000000000000,1.000000000000000000,3.000000000000000000,0.000000000000000000,0.000000000000000000,5.000000000000000000,3.000000000000000000,4.000000000000000000,0.000000000000000000,65.000000000000000000,0.000000000000000000,1.000000000000000000,5.000000000000000000,0.000000000000000000,0.000000000000000000,0.000000000000000000,0.000000000000000000,0.000000000000000000,27.000000000000000000,28.000000000000000000,0.000000000000000000,1.000000000000000000,0.000000000000000000,0.000000000000000000,6.000000000000000000,0.000000000000000000,6.000000000000000000,m
2.000000000000000000,7.000000000000000000,1.000000000000000000,0.000000000000000000,4.000000000000000000,0.000000000000000000,7.000000000000000000,0.000000000000000000,0.000000000000000000,1.000000000000000000,21.000000000000000000,0.000000000000000000,0.000000000000000000,0.000000000000000000,1.000000000000000000,3.000000000000000000,0.000000000000000000,0.000000000000000000,3.000000000000000000,0.000000000000000000,21.000000000000000000,0.000000000000000000,57.000000000000000000,0.000000000000000000,2.000000000000000000,10.000000000000000000,0.000000000000000000,0.000000000000000000,0.000000000000000000,0.000000000000000000,0.000000000000000000,21.000000000000000000,21.000000000000000000,0.000000000000000000,1.000000000000000000,0.000000000000000000,0.000000000000000000,5.000000000000000000,0.000000000000000000,4.000000000000000000,m
2.000000000000000000,7.000000000000000000,1.000000000000000000,0.000000000000000000,4.000000000000000000,0.000000000000000000,7.000000000000000000,0.000000000000000000,0.000000000000000000,1.000000000000000000,21.000000000000000000,0.000000000000000000,0.000000000000000000,0.000000000000000000,1.000000000000000000,3.000000000000000000,0.000000000000000000,0.000000000000000000,3.000000000000000000,0.000000000000000000,21.000000000000000000,0.000000000000000000,57.000000000000000000,0.000000000000000000,2.000000000000000000,10.000000000000000000,0.000000000000000000,0.000000000000000000,0.000000000000000000,0.000000000000000000,0.000000000000000000,21.000000000000000000,21.000000000000000000,0.000000000000000000,1.000000000000000000,0.000000000000000000,0.000000000000000000,5.000000000000000000,0.000000000000000000,6.000000000000000000,m
2.000000000000000000,5.000000000000000000,1.000000000000000000,0.000000000000000000,3.000000000000000000,0.000000000000000000,7.000000000000000000,0.000000000000000000,0.000000000000000000,1.000000000000000000,20.000000000000000000,0.000000000000000000,0.000000000000000000,0.000000000000000000,1.000000000000000000,3.000000000000000000,0.000000000000000000,0.000000000000000000,3.000000000000000000,0.000000000000000000,18.000000000000000000,0.000000000000000000,48.000000000000000000,0.000000000000000000,4.000000000000000000,9.000000000000000000,0.000000000000000000,0.000000000000000000,0.000000000000000000,0.000000000000000000,0.000000000000000000,18.000000000000000000,18.000000000000000000,0.000000000000000000,1.000000000000000000,0.000000000000000000,0.000000000000000000,4.000000000000000000,0.000000000000000000,4.000000000000000000,m
2.000000000000000000,5.000000000000000000,1.000000000000000000,0.000000000000000000,1.000000000000000000,0.000000000000000000,8.000000000000000000,0.000000000000000000,0.000000000000000000,0.000000000000000000,19.000000000000000000,0.000000000000000000,0.000000000000000000,0.000000000000000000,1.000000000000000000,3.000000000000000000,0.000000000000000000,0.000000000000000000,5.000000000000000000,3.000000000000000000,4.000000000000000000,0.000000000000000000,62.000000000000000000,0.000000000000000000,2.000000000000000000,6.000000000000000000,0.000000000000000000,0.000000000000000000,0.000000000000000000,0.000000000000000000,0.000000000000000000,28.000000000000000000,28.000000000000000000,0.000000000000000000,1.000000000000000000,0.000000000000000000,0.000000000000000000,6.000000000000000000,0.000000000000000000,6.000000000000000000,m
2.000000000000000000,5.000000000000000000,1.000000000000000000,0.000000000000000000,0.000000000000000000,0.000000000000000000,8.000000000000000000,0.000000000000000000,0.000000000000000000,0.000000000000000000,20.000000000000000000,0.000000000000000000,0.000000000000000000,0.000000000000000000,1.000000000000000000,3.000000000000000000,0.000000000000000000,0.000000000000000000,5.000000000000000000,3.000000000000000000,4.000000000000000000,0.000000000000000000,66.000000000000000000,0.000000000000000000,1.000000000000000000,5.000000000000000000,0.000000000000000000,0.000000000000000000,0.000000000000000000,0.000000000000000000,0.000000000000000000,27.000000000000000000,28.000000000000000000,0.000000000000000000,1.000000000000000000,0.000000000000000000,0.000000000000000000,6.000000000000000000,0.000000000000000000,5.000000000000000000,m
2.000000000000000000,5.000000000000000000,1.000000000000000000,0.000000000000000000,0.000000000000000000,0.000000000000000000,8.000000000000000000,0.000000000000000000,0.000000000000000000,0.000000000000000000,20.000000000000000000,0.000000000000000000,0.000000000000000000,0.000000000000000000,0.000000000000000000,3.000000000000000000,0.000000000000000000,1.000000000000000000,5.000000000000000000,3.000000000000000000,4.000000000000000000,0.000000000000000000,65.000000000000000000,0.000000000000000000,2.000000000000000000,6.000000000000000000,0.000000000000000000,0.000000000000000000,0.000000000000000000,0.000000000000000000,0.000000000000000000,27.000000000000000000,28.000000000000000000,0.000000000000000000,1.000000000000000000,0.000000000000000000,0.000000000000000000,6.000000000000000000,0.000000000000000000,6.000000000000000000,m
2.000000000000000000,7.000000000000000000,1.000000000000000000,0.000000000000000000,1.000000000000000000,0.000000000000000000,8.000000000000000000,0.000000000000000000,0.000000000000000000,2.000000000000000000,18.000000000000000000,0.000000000000000000,0.000000000000000000,0.000000000000000000,1.000000000000000000,3.000000000000000000,0.000000000000000000,0.000000000000000000,5.000000000000000000,3.000000000000000000,4.000000000000000000,0.000000000000000000,73.000000000000000000,0.000000000000000000,1.000000000000000000,5.000000000000000000,0.000000000000000000,0.000000000000000000,0.000000000000000000,0.000000000000000000,0.000000000000000000,30.000000000000000000,31.000000000000000000,0.000000000000000000,1.000000000000000000,0.000000000000000000,0.000000000000000000,7.000000000000000000,0.000000000000000000,8.000000000000000000,m
2.000000000000000000,5.000000000000000000,1.000000000000000000,0.000000000000000000,2.000000000000000000,0.000000000000000000,7.000000000000000000,0.000000000000000000,0.000000000000000000,1.000000000000000000,21.000000000000000000,0.000000000000000000,0.000000000000000000,0.000000000000000000,0.000000000000000000,3.000000000000000000,0.000000000000000000,1.000000000000000000,3.000000000000000000,0.000000000000000000,18.000000000000000000,0.000000000000000000,50.000000000000000000,0.000000000000000000,2.000000000000000000,10.000000000000000000,0.000000000000000000,0.000000000000000000,0.000000000000000000,0.000000000000000000,0.000000000000000000,17.000000000000000000,18.000000000000000000,0.000000000000000000,1.000000000000000000,0.000000000000000000,0.000000000000000000,4.000000000000000000,0.000000000000000000,4.000000000000000000,m
2.000000000000000000,8.000000000000000000,1.000000000000000000,0.000000000000000000,1.000000000000000000,0.000000000000000000,8.000000000000000000,0.000000000000000000,0.000000000000000000,1.000000000000000000,15.000000000000000000,0.000000000000000000,0.000000000000000000,0.000000000000000000,0.000000000000000000,3.000000000000000000,0.000000000000000000,1.000000000000000000,5.000000000000000000,3.000000000000000000,3.000000000000000000,0.000000000000000000,73.000000000000000000,0.000000000000000000,4.000000000000000000,5.000000000000000000,0.000000000000000000,0.000000000000000000,0.000000000000000000,0.000000000000000000,0.000000000000000000,28.000000000000000000,29.000000000000000000,0.000000000000000000,1.000000000000000000,0.000000000000000000,0.000000000000000000,6.000000000000000000,0.000000000000000000,8.000000000000000000,m
2.000000000000000000,5.000000000000000000,1.000000000000000000,0.000000000000000000,2.000000000000000000,0.000000000000000000,7.000000000000000000,0.000000000000000000,0.000000000000000000,1.000000000000000000,21.000000000000000000,0.000000000000000000,0.000000000000000000,0.000000000000000000,0.000000000000000000,3.000000000000000000,0.000000000000000000,1.000000000000000000,3.000000000000000000,0.000000000000000000,18.000000000000000000,0.000000000000000000,51.000000000000000000,0.000000000000000000,1.000000000000000000,9.000000000000000000,0.000000000000000000,0.000000000000000000,0.000000000000000000,0.000000000000000000,0.000000000000000000,17.000000000000000000,18.000000000000000000,0.000000000000000000,1.000000000000000000,0.000000000000000000,0.000000000000000000,4.000000000000000000,0.000000000000000000,5.000000000000000000,m
2.000000000000000000,8.000000000000000000,1.000000000000000000,0.000000000000000000,3.000000000000000000,0.000000000000000000,7.000000000000000000,0.000000000000000000,0.000000000000000000,1.000000000000000000,22.000000000000000000,0.000000000000000000,0.000000000000000000,0.000000000000000000,0.000000000000000000,3.000000000000000000,0.000000000000000000,1.000000000000000000,3.000000000000000000,0.000000000000000000,21.000000000000000000,0.000000000000000000,60.000000000000000000,0.000000000000000000,2.000000000000000000,10.000000000000000000,0.000000000000000000,0.000000000000000000,0.000000000000000000,0.000000000000000000,0.000000000000000000,20.000000000000000000,21.000000000000000000,0.000000000000000000,1.000000000000000000,0.000000000000000000,0.000000000000000000,4.000000000000000000,0.000000000000000000,5.000000000000000000,m
2.000000000000000000,7.000000000000000000,1.000000000000000000,0.000000000000000000,4.000000000000000000,0.000000000000000000,7.000000000000000000,0.000000000000000000,0.000000000000000000,1.000000000000000000,21.000000000000000000,0.000000000000000000,0.000000000000000000,0.000000000000000000,1.000000000000000000,3.000000000000000000,0.000000000000000000,0.000000000000000000,3.000000000000000000,0.000000000000000000,21.000000000000000000,0.000000000000000000,58.000000000000000000,0.000000000000000000,4.000000000000000000,9.000000000000000000,0.000000000000000000,0.000000000000000000,0.000000000000000000,0.000000000000000000,0.000000000000000000,21.000000000000000000,21.000000000000000000,0.000000000000000000,1.000000000000000000,0.000000000000000000,0.000000000000000000,5.000000000000000000,0.000000000000000000,5.000000000000000000,m
2.000000000000000000,5.000000000000000000,1.000000000000000000,0.000000000000000000,1.000000000000000000,0.000000000000000000,8.000000000000000000,0.000000000000000000,0.000000000000000000,1.000000000000000000,16.000000000000000000,0.000000000000000000,0.000000000000000000,0.000000000000000000,1.000000000000000000,3.000000000000000000,0.000000000000000000,0.000000000000000000,5.000000000000000000,3.000000000000000000,4.000000000000000000,0.000000000000000000,62.000000000000000000,0.000000000000000000,4.000000000000000000,5.000000000000000000,0.000000000000000000,0.000000000000000000,0.000000000000000000,0.000000000000000000,0.000000000000000000,28.000000000000000000,28.000000000000000000,0.000000000000000000,1.000000000000000000,0.000000000000000000,0.000000000000000000,6.000000000000000000,0.000000000000000000,6.000000000000000000,m
2.000000000000000000,7.000000000000000000,1.000000000000000000,0.000000000000000000,4.000000000000000000,0.000000000000000000,7.000000000000000000,0.000000000000000000,0.000000000000000000,3.000000000000000000,21.000000000000000000,0.000000000000000000,0.000000000000000000,0.000000000000000000,0.000000000000000000,3.000000000000000000,0.000000000000000000,1.000000000000000000,3.000000000000000000,0.000000000000000000,21.000000000000000000,0.000000000000000000,58.000000000000000000,0.000000000000000000,2.000000000000000000,10.000000000000000000,0.000000000000000000,0.000000000000000000,0.000000000000000000,0.000000000000000000,0.000000000000000000,21.000000000000000000,21.000000000000000000,0.000000000000000000,1.000000000000000000,0.000000000000000000,0.000000000000000000,4.000000000000000000,0.000000000000000000,3.000000000000000000,m
2.000000000000000000,7.000000000000000000,1.000000000000000000,0.000000000000000000,2.000000000000000000,0.000000000000000000,8.000000000000000000,0.000000000000000000,0.000000000000000000,2.000000000000000000,17.000000000000000000,0.000000000000000000,0.000000000000000000,0.000000000000000000,0.000000000000000000,3.000000000000000000,0.000000000000000000,1.000000000000000000,5.000000000000000000,3.000000000000000000,3.000000000000000000,0.000000000000000000,71.000000000000000000,0.000000000000000000,4.000000000000000000,5.000000000000000000,0.000000000000000000,0.000000000000000000,0.000000000000000000,0.000000000000000000,0.000000000000000000,29.000000000000000000,29.000000000000000000,0.000000000000000000,1.000000000000000000,0.000000000000000000,0.000000000000000000,6.000000000000000000,0.000000000000000000,6.000000000000000000,m
2.000000000000000000,7.000000000000000000,1.000000000000000000,0.000000000000000000,4.000000000000000000,0.000000000000000000,7.000000000000000000,0.000000000000000000,0.000000000000000000,3.000000000000000000,21.000000000000000000,0.000000000000000000,0.000000000000000000,0.000000000000000000,0.000000000000000000,3.000000000000000000,0.000000000000000000,1.000000000000000000,3.000000000000000000,0.000000000000000000,21.000000000000000000,0.000000000000000000,58.000000000000000000,0.000000000000000000,2.000000000000000000,10.000000000000000000,0.000000000000000000,0.000000000000000000,0.000000000000000000,0.000000000000000000,0.000000000000000000,21.000000000000000000,21.000000000000000000,0.000000000000000000,1.000000000000000000,0.000000000000000000,0.000000000000000000,4.000000000000000000,0.000000000000000000,5.000000000000000000,m
2.000000000000000000,5.000000000000000000,1.000000000000000000,0.000000000000000000,0.000000000000000000,0.000000000000000000,8.000000000000000000,0.000000000000000000,0.000000000000000000,0.000000000000000000,17.000000000000000000,0.000000000000000000,0.000000000000000000,0.000000000000000000,0.000000000000000000,3.000000000000000000,0.000000000000000000,1.000000000000000000,5.000000000000000000,3.000000000000000000,4.000000000000000000,0.000000000000000000,60.000000000000000000,0.000000000000000000,1.000000000000000000,5.000000000000000000,0.000000000000000000,0.000000000000000000,0.000000000000000000,0.000000000000000000,0.000000000000000000,27.000000000000000000,28.000000000000000000,0.000000000000000000,1.000000000000000000,0.000000000000000000,0.000000000000000000,7.000000000000000000,0.000000000000000000,7.000000000000000000,m
2.000000000000000000,7.000000000000000000,1.000000000000000000,0.000000000000000000,1.000000000000000000,0.000000000000000000,8.000000000000000000,0.000000000000000000,0.000000000000000000,0.000000000000000000,21.000000000000000000,0.000000000000000000,0.000000000000000000,0.000000000000000000,1.000000000000000000,3.000000000000000000,0.000000000000000000,0.000000000000000000,5.000000000000000000,3.000000000000000000,4.000000000000000000,0.000000000000000000,77.000000000000000000,0.000000000000000000,2.000000000000000000,6.000000000000000000,0.000000000000000000,0.000000000000000000,0.000000000000000000,0.000000000000000000,0.000000000000000000,30.000000000000000000,31.000000000000000000,0.000000000000000000,1.000000000000000000,0.000000000000000000,0.000000000000000000,7.000000000000000000,0.000000000000000000,8.000000000000000000,m
2.000000000000000000,8.000000000000000000,1.000000000000000000,0.000000000000000000,2.000000000000000000,0.000000000000000000,8.000000000000000000,0.000000000000000000,0.000000000000000000,0.000000000000000000,14.000000000000000000,0.000000000000000000,0.000000000000000000,0.000000000000000000,1.000000000000000000,3.000000000000000000,0.000000000000000000,0.000000000000000000,5.000000000000000000,3.000000000000000000,3.000000000000000000,0.000000000000000000,65.000000000000000000,0.000000000000000000,2.000000000000000000,6.000000000000000000,0.000000000000000000,0.000000000000000000,0.000000000000000000,0.000000000000000000,0.000000000000000000,29.000000000000000000,29.000000000000000000,0.000000000000000000,1.000000000000000000,0.000000000000000000,0.000000000000000000,7.000000000000000000,0.000000000000000000,5.000000000000000000,m
2.000000000000000000,5.000000000000000000,1.000000000000000000,0.000000000000000000,0.000000000000000000,0.000000000000000000,8.000000000000000000,0.000000000000000000,0.000000000000000000,0.000000000000000000,20.000000000000000000,0.000000000000000000,0.000000000000000000,0.000000000000000000,0.000000000000000000,3.000000000000000000,0.000000000000000000,1.000000000000000000,5.000000000000000000,3.000000000000000000,4.000000000000000000,0.000000000000000000,64.000000000000000000,0.000000000000000000,2.000000000000000000,6.000000000000000000,0.000000000000000000,0.000000000000000000,0.000000000000000000,0.000000000000000000,0.000000000000000000,27.000000000000000000,28.000000000000000000,0.000000000000000000,1.000000000000000000,0.000000000000000000,0.000000000000000000,6.000000000000000000,0.000000000000000000,7.000000000000000000,m
2.000000000000000000,5.000000000000000000,1.000000000000000000,0.000000000000000000,3.000000000000000000,0.000000000000000000,7.000000000000000000,0.000000000000000000,0.000000000000000000,1.000000000000000000,20.000000000000000000,0.000000000000000000,0.000000000000000000,0.000000000000000000,1.000000000000000000,3.000000000000000000,0.000000000000000000,0.000000000000000000,3.000000000000000000,0.000000000000000000,18.000000000000000000,0.000000000000000000,49.000000000000000000,0.000000000000000000,2.000000000000000000,10.000000000000000000,0.000000000000000000,0.000000000000000000,0.000000000000000000,0.000000000000000000,0.000000000000000000,18.000000000000000000,18.000000000000000000,0.000000000000000000,1.000000000000000000,0.000000000000000000,0.000000000000000000,4.000000000000000000,0.000000000000000000,4.000000000000000000,m
2.000000000000000000,5.000000000000000000,1.000000000000000000,0.000000000000000000,2.000000000000000000,0.000000000000000000,7.000000000000000000,0.000000000000000000,0.000000000000000000,1.000000000000000000,21.000000000000000000,0.000000000000000000,0.000000000000000000,0.000000000000000000,0.000000000000000000,3.000000000000000000,0.000000000000000000,1.000000000000000000,3.000000000000000000,0.000000000000000000,18.000000000000000000,0.000000000000000000,49.000000000000000000,0.000000000000000000,4.000000000000000000,9.000000000000000000,0.000000000000000000,0.000000000000000000,0.000000000000000000,0.000000000000000000,0.000000000000000000,17.000000000000000000,18.000000000000000000,0.000000000000000000,1.000000000000000000,0.000000000000000000,0.000000000000000000,4.000000000000000000,0.000000000000000000,4.000000000000000000,m
2.000000000000000000,7.000000000000000000,1.000000000000000000,0.000000000000000000,3.000000000000000000,0.000000000000000000,7.000000000000000000,0.000000000000000000,0.000000000000000000,3.000000000000000000,22.000000000000000000,0.000000000000000000,0.000000000000000000,0.000000000000000000,0.000000000000000000,3.000000000000000000,0.000000000000000000,1.000000000000000000,3.000000000000000000,0.000000000000000000,21.000000000000000000,0.000000000000000000,61.000000000000000000,0.000000000000000000,4.000000000000000000,9.000000000000000000,0.000000000000000000,0.000000000000000000,0.000000000000000000,0.000000000000000000,0.000000000000000000,20.000000000000000000,21.000000000000000000,0.000000000000000000,1.000000000000000000,0.000000000000000000,0.000000000000000000,4.000000000000000000,0.000000000000000000,4.000000000000000000,m
2.000000000000000000,7.000000000000000000,1.000000000000000000,0.000000000000000000,2.000000000000000000,0.000000000000000000,8.000000000000000000,0.000000000000000000,0.000000000000000000,3.000000000000000000,14.000000000000000000,0.000000000000000000,0.000000000000000000,0.000000000000000000,0.000000000000000000,3.000000000000000000,0.000000000000000000,1.000000000000000000,5.000000000000000000,3.000000000000000000,3.000000000000000000,0.000000000000000000,71.000000000000000000,0.000000000000000000,4.000000000000000000,5.000000000000000000,0.000000000000000000,0.000000000000000000,0.000000000000000000,0.000000000000000000,0.000000000000000000,29.000000000000000000,29.000000000000000000,0.000000000000000000,1.000000000000000000,0.000000000000000000,0.000000000000000000,6.000000000000000000,0.000000000000000000,7.000000000000000000,m
2.000000000000000000,7.000000000000000000,1.000000000000000000,0.000000000000000000,4.000000000000000000,0.000000000000000000,7.000000000000000000,0.000000000000000000,0.000000000000000000,3.000000000000000000,21.000000000000000000,0.000000000000000000,0.000000000000000000,0.000000000000000000,0.000000000000000000,3.000000000000000000,0.000000000000000000,1.000000000000000000,3.000000000000000000,0.000000000000000000,21.000000000000000000,0.000000000000000000,57.000000000000000000,0.000000000000000000,2.000000000000000000,10.000000000000000000,0.000000000000000000,0.000000000000000000,0.000000000000000000,0.000000000000000000,0.000000000000000000,21.000000000000000000,21.000000000000000000,0.000000000000000000,1.000000000000000000,0.000000000000000000,0.000000000000000000,4.000000000000000000,0.000000000000000000,6.000000000000000000,m
2.000000000000000000,7.000000000000000000,1.000000000000000000,0.000000000000000000,2.000000000000000000,0.000000000000000000,8.000000000000000000,0.000000000000000000,0.000000000000000000,2.000000000000000000,17.000000000000000000,0.000000000000000000,0.000000000000000000,0.000000000000000000,0.000000000000000000,3.000000000000000000,0.000000000000000000,1.000000000000000000,5.000000000000000000,3.000000000000000000,4.000000000000000000,0.000000000000000000,70.000000000000000000,0.000000000000000000,2.000000000000000000,6.000000000000000000,0.000000000000000000,0.000000000000000000,0.000000000000000000,0.000000000000000000,0.000000000000000000,31.000000000000000000,31.000000000000000000,0.000000000000000000,1.000000000000000000,0.000000000000000000,0.000000000000000000,7.000000000000000000,0.000000000000000000,9.000000000000000000,m
2.000000000000000000,8.000000000000000000,1.000000000000000000,0.000000000000000000,1.000000000000000000,0.000000000000000000,8.000000000000000000,0.000000000000000000,0.000000000000000000,0.000000000000000000,15.000000000000000000,0.000000000000000000,0.000000000000000000,0.000000000000000000,1.000000000000000000,3.000000000000000000,0.000000000000000000,0.000000000000000000,5.000000000000000000,3.000000000000000000,3.000000000000000000,0.000000000000000000,67.000000000000000000,0.000000000000000000,2.000000000000000000,6.000000000000000000,0.000000000000000000,0.000000000000000000,0.000000000000000000,0.000000000000000000,0.000000000000000000,28.000000000000000000,29.000000000000000000,0.000000000000000000,1.000000000000000000,0.000000000000000000,0.000000000000000000,7.000000000000000000,0.000000000000000000,9.000000000000000000,m
2.000000000000000000,7.000000000000000000,1.000000000000000000,0.000000000000000000,3.000000000000000000,0.000000000000000000,7.000000000000000000,0.000000000000000000,0.000000000000000000,3.000000000000000000,22.000000000000000000,0.000000000000000000,0.000000000000000000,0.000000000000000000,1.000000000000000000,3.000000000000000000,0.000000000000000000,0.000000000000000000,3.000000000000000000,0.000000000000000000,21.000000000000000000,0.000000000000000000,60.000000000000000000,0.000000000000000000,2.000000000000000000,10.000000000000000000,0.000000000000000000,0.000000000000000000,0.000000000000000000,0.000000000000000000,0.000000000000000000,20.000000000000000000,21.000000000000000000,0.000000000000000000,1.000000000000000000,0.000000000000000000,0.000000000000000000,4.000000000000000000,0.000000000000000000,3.000000000000000000,m
2.000000000000000000,7.000000000000000000,1.000000000000000000,0.000000000000000000,4.000000000000000000,0.000000000000000000,7.000000000000000000,0.000000000000000000,0.000000000000000000,3.000000000000000000,21.000000000000000000,0.000000000000000000,0.000000000000000000,0.000000000000000000,0.000000000000000000,3.000000000000000000,0.000000000000000000,1.000000000000000000,3.000000000000000000,0.000000000000000000,21.000000000000000000,0.000000000000000000,58.000000000000000000,0.000000000000000000,4.000000000000000000,9.000000000000000000,0.000000000000000000,0.000000000000000000,0.000000000000000000,0.000000000000000000,0.000000000000000000,21.000000000000000000,21.000000000000000000,0.000000000000000000,1.000000000000000000,0.000000000000000000,0.000000000000000000,4.000000000000000000,0.000000000000000000,4.000000000000000000,m
2.000000000000000000,5.000000000000000000,1.000000000000000000,0.000000000000000000,0.000000000000000000,0.000000000000000000,8.000000000000000000,0.000000000000000000,0.000000000000000000,1.000000000000000000,17.000000000000000000,0.000000000000000000,0.000000000000000000,0.000000000000000000,0.000000000000000000,3.000000000000000000,0.000000000000000000,1.000000000000000000,5.000000000000000000,3.000000000000000000,4.000000000000000000,0.000000000000000000,64.000000000000000000,0.000000000000000000,4.000000000000000000,5.000000000000000000,0.000000000000000000,0.000000000000000000,0.000000000000000000,0.000000000000000000,0.000000000000000000,27.000000000000000000,28.000000000000000000,0.000000000000000000,1.000000000000000000,0.000000000000000000,0.000000000000000000,6.000000000000000000,0.000000000000000000,6.000000000000000000,m
2.000000000000000000,5.000000000000000000,1.000000000000000000,0.000000000000000000,2.000000000000000000,0.000000000000000000,7.000000000000000000,0.000000000000000000,0.000000000000000000,1.000000000000000000,21.000000000000000000,0.000000000000000000,0.000000000000000000,0.000000000000000000,1.000000000000000000,3.000000000000000000,0.000000000000000000,0.000000000000000000,3.000000000000000000,0.000000000000000000,18.000000000000000000,0.000000000000000000,49.000000000000000000,0.000000000000000000,4.000000000000000000,9.000000000000000000,0.000000000000000000,0.000000000000000000,0.000000000000000000,0.000000000000000000,0.000000000000000000,17.000000000000000000,18.000000000000000000,0.000000000000000000,1.000000000000000000,0.000000000000000000,0.000000000000000000,4.000000000000000000,0.000000000000000000,4.000000000000000000,m
2.000000000000000000,7.000000000000000000,1.000000000000000000,0.000000000000000000,4.000000000000000000,0.000000000000000000,7.000000000000000000,0.000000000000000000,0.000000000000000000,3.000000000000000000,21.000000000000000000,0.000000000000000000,0.000000000000000000,0.000000000000000000,0.000000000000000000,3.000000000000000000,0.000000000000000000,1.000000000000000000,3.000000000000000000,0.000000000000000000,21.000000000000000000,0.000000000000000000,57.000000000000000000,0.000000000000000000,2.000000000000000000,10.000000000000000000,0.000000000000000000,0.000000000000000000,0.000000000000000000,0.000000000000000000,0.000000000000000000,21.000000000000000000,21.000000000000000000,0.000000000000000000,1.000000000000000000,0.000000000000000000,0.000000000000000000,4.000000000000000000,0.000000000000000000,4.000000000000000000,m
2.000000000000000000,7.000000000000000000,1.000000000000000000,0.000000000000000000,3.000000000000000000,0.000000000000000000,7.000000000000000000,0.000000000000000000,0.000000000000000000,1.000000000000000000,22.000000000000000000,0.000000000000000000,0.000000000000000000,0.000000000000000000,0.000000000000000000,3.000000000000000000,0.000000000000000000,1.000000000000000000,3.000000000000000000,0.000000000000000000,21.000000000000000000,0.000000000000000000,60.000000000000000000,0.000000000000000000,2.000000000000000000,10.000000000000000000,0.000000000000000000,0.000000000000000000,0.000000000000000000,0.000000000000000000,0.000000000000000000,20.000000000000000000,21.000000000000000000,0.000000000000000000,1.000000000000000000,0.000000000000000000,0.000000000000000000,5.000000000000000000,0.000000000000000000,4.000000000000000000,m
0.000000000000000000,1.000000000000000000,0.000000000000000000,0.000000000000000000,18.000000000000000000,0.000000000000000000,9.000000000000000000,1.000000000000000000,0.000000000000000000,4.000000000000000000,0.000000000000000000,0.000000000000000000,0.000000000000000000,0.000000000000000000,10.000000000000000000,2.000000000000000000,0.000000000000000000,3.000000000000000000,0.000000000000000000,0.000000000000000000,22.000000000000000000,1.000000000000000000,15.000000000000000000,2.000000000000000000,0.000000000000000000,0.000000000000000000,0.000000000000000000,0.000000000000000000,0.000000000000000000,0.000000000000000000,0.000000000000000000,4.000000000000000000,67.000000000000000000,6.000000000000000000,1.000000000000000000,0.000000000000000000,0.000000000000000000,1.000000000000000000,1.000000000000000000,3.000000000000000000,b
0.000000000000000000,1.000000000000000000,0.000000000000000000,0.000000000000000000,18.000000000000000000,0.000000000000000000,9.000000000000000000,1.000000000000000000,0.000000000000000000,4.000000000000000000,0.000000000000000000,0.000000000000000000,0.000000000000000000,0.000000000000000000,10.000000000000000000,2.000000000000000000,0.000000000000000000,3.000000000000000000,0.000000000000000000,0.000000000000000000,22.000000000000000000,1.000000000000000000,15.000000000000000000,2.000000000000000000,0.000000000000000000,0.000000000000000000,0.000000000000000000,0.000000000000000000,0.000000000000000000,0.000000000000000000,0.000000000000000000,4.000000000000000000,67.000000000000000000,6.000000000000000000,1.000000000000000000,0.000000000000000000,0.000000000000000000,1.000000000000000000,1.000000000000000000,3.000000000000000000,b
2.000000000000000000,120.000000000000000000,9.000000000000000000,0.000000000000000000,0.000000000000000000,0.000000000000000000,1.000000000000000000,0.000000000000000000,0.000000000000000000,4.000000000000000000,0.000000000000000000,0.000000000000000000,4.000000000000000000,1.000000000000000000,2.000000000000000000,0.000000000000000000,0.000000000000000000,1.000000000000000000,0.000000000000000000,0.000000000000000000,0.000000000000000000,0.000000000000000000,1.000000000000000000,0.000000000000000000,0.000000000000000000,0.000000000000000000,0.000000000000000000,0.000000000000000000,0.000000000000000000,0.000000000000000000,5.000000000000000000,2.000000000000000000,9.000000000000000000,0.000000000000000000,0.000000000000000000,0.000000000000000000,0.000000000000000000,2.000000000000000000,0.000000000000000000,4.000000000000000000,b
0.000000000000000000,7.000000000000000000,1.000000000000000000,1.000000000000000000,24.000000000000000000,0.000000000000000000,3.000000000000000000,2.000000000000000000,0.000000000000000000,1.000000000000000000,0.000000000000000000,20.000000000000000000,0.000000000000000000,0.000000000000000000,4.000000000000000000,6.000000000000000000,0.000000000000000000,1.000000000000000000,0.000000000000000000,0.000000000000000000,13.000000000000000000,1.000000000000000000,36.000000000000000000,1.000000000000000000,0.000000000000000000,0.000000000000000000,0.000000000000000000,0.000000000000000000,0.000000000000000000,1.000000000000000000,0.000000000000000000,17.000000000000000000,51.000000000000000000,9.000000000000000000,5.000000000000000000,0.000000000000000000,0.000000000000000000,2.000000000000000000,3.000000000000000000,2.000000000000000000,b
3.000000000000000000,30.000000000000000000,2.000000000000000000,1.000000000000000000,0.000000000000000000,15.000000000000000000,2.000000000000000000,0.000000000000000000,1.000000000000000000,0.000000000000000000,0.000000000000000000,37.000000000000000000,0.000000000000000000,0.000000000000000000,3.000000000000000000,1.000000000000000000,2.000000000000000000,2.000000000000000000,0.000000000000000000,0.000000000000000000,11.000000000000000000,0.000000000000000000,42.000000000000000000,3.000000000000000000,0.000000000000000000,0.000000000000000000,0.000000000000000000,0.000000000000000000,0.000000000000000000,2.000000000000000000,4.000000000000000000,2.000000000000000000,5.000000000000000000,0.000000000000000000,0.000000000000000000,4.000000000000000000,0.000000000000000000,3.000000000000000000,3.000000000000000000,13.000000000000000000,b
0.000000000000000000,14.000000000000000000,0.000000000000000000,1.000000000000000000,28.000000000000000000,0.000000000000000000,1.000000000000000000,2.000000000000000000,0.000000000000000000,0.000000000000000000,0.000000000000000000,4.000000000000000000,1.000000000000000000,1.000000000000000000,0.000000000000000000,18.000000000000000000,0.000000000000000000,5.000000000000000000,0.000000000000000000,0.000000000000000000,7.000000000000000000,0.000000000000000000,40.000000000000000000,0.000000000000000000,0.000000000000000000,0.000000000000000000,0.000000000000000000,2.000000000000000000,7.000000000000000000,0.000000000000000000,0.000000000000000000,18.000000000000000000,47.000000000000000000,8.000000000000000000,11.000000000000000000,0.000000000000000000,0.000000000000000000,2.000000000000000000,4.000000000000000000,5.000000000000000000,b
0.000000000000000000,5.000000000000000000,0.000000000000000000,0.000000000000000000,27.000000000000000000,0.000000000000000000,6.000000000000000000,0.000000000000000000,0.000000000000000000,3.000000000000000000,0.000000000000000000,14.000000000000000000,0.000000000000000000,2.000000000000000000,6.000000000000000000,9.000000000000000000,0.000000000000000000,8.000000000000000000,0.000000000000000000,0.000000000000000000,8.000000000000000000,0.000000000000000000,41.000000000000000000,1.000000000000000000,0.000000000000000000,0.000000000000000000,1.000000000000000000,0.000000000000000000,18.000000000000000000,1.000000000000000000,1.000000000000000000,13.000000000000000000,55.000000000000000000,2.000000000000000000,8.000000000000000000,0.000000000000000000,0.000000000000000000,2.000000000000000000,5.000000000000000000,5.000000000000000000,b
0.000000000000000000,3.000000000000000000,0.000000000000000000,2.000000000000000000,37.000000000000000000,0.000000000000000000,14.000000000000000000,8.000000000000000000,0.000000000000000000,7.000000000000000000,0.000000000000000000,4.000000000000000000,0.000000000000000000,2.000000000000000000,9.000000000000000000,18.000000000000000000,0.000000000000000000,8.000000000000000000,0.000000000000000000,0.000000000000000000,7.000000000000000000,1.000000000000000000,54.000000000000000000,3.000000000000000000,0.000000000000000000,0.000000000000000000,2.000000000000000000,3.000000000000000000,0.000000000000000000,0.000000000000000000,0.000000000000000000,18.000000000000000000,45.000000000000000000,5.000000000000000000,13.000000000000000000,0.000000000000000000,1.000000000000000000,1.000000000000000000,3.000000000000000000,8.000000000000000000,b
0.000000000000000000,8.000000000000000000,2.000000000000000000,0.000000000000000000,0.000000000000000000,24.000000000000000000,18.000000000000000000,5.000000000000000000,8.000000000000000000,12.000000000000000000,0.000000000000000000,51.000000000000000000,0.000000000000000000,0.000000000000000000,18.000000000000000000,11.000000000000000000,5.000000000000000000,17.000000000000000000,0.000000000000000000,0.000000000000000000,28.000000000000000000,0.000000000000000000,95.000000000000000000,0.000000000000000000,0.000000000000000000,0.000000000000000000,1.000000000000000000,0.000000000000000000,2.000000000000000000,1.000000000000000000,0.000000000000000000,5.000000000000000000,4.000000000000000000,0.000000000000000000,0.000000000000000000,9.000000000000000000,1.000000000000000000,8.000000000000000000,9.000000000000000000,21.000000000000000000,b
0.000000000000000000,10.000000000000000000,1.000000000000000000,1.000000000000000000,54.000000000000000000,0.000000000000000000,23.000000000000000000,3.000000000000000000,0.000000000000000000,12.000000000000000000,0.000000000000000000,2.000000000000000000,1.000000000000000000,2.000000000000000000,20.000000000000000000,9.000000000000000000,0.000000000000000000,21.000000000000000000,0.000000000000000000,0.000000000000000000,14.000000000000000000,0.000000000000000000,55.000000000000000000,0.000000000000000000,0.000000000000000000,0.000000000000000000,0.000000000000000000,1.000000000000000000,0.000000000000000000,0.000000000000000000,1.000000000000000000,12.000000000000000000,120.000000000000000000,13.000000000000000000,2.000000000000000000,0.000000000000000000,0.000000000000000000,3.000000000000000000,18.000000000000000000,12.000000000000000000,b
0.000000000000000000,10.000000000000000000,1.000000000000000000,1.000000000000000000,54.000000000000000000,0.000000000000000000,23.000000000000000000,3.000000000000000000,0.000000000000000000,12.000000000000000000,0.000000000000000000,2.000000000000000000,1.000000000000000000,2.000000000000000000,20.000000000000000000,9.000000000000000000,0.000000000000000000,21.000000000000000000,0.000000000000000000,0.000000000000000000,14.000000000000000000,0.000000000000000000,55.000000000000000000,0.000000000000000000,0.000000000000000000,0.000000000000000000,0.000000000000000000,1.000000000000000000,0.000000000000000000,0.000000000000000000,1.000000000000000000,12.000000000000000000,120.000000000000000000,13.000000000000000000,2.000000000000000000,0.000000000000000000,0.000000000000000000,3.000000000000000000,18.000000000000000000,12.000000000000000000,b
0.000000000000000000,13.000000000000000000,18.000000000000000000,0.000000000000000000,28.000000000000000000,0.000000000000000000,13.000000000000000000,2.000000000000000000,0.000000000000000000,8.000000000000000000,0.000000000000000000,0.000000000000000000,0.000000000000000000,0.000000000000000000,10.000000000000000000,18.000000000000000000,0.000000000000000000,7.000000000000000000,0.000000000000000000,0.000000000000000000,4.000000000000000000,5.000000000000000000,140.000000000000000000,8.000000000000000000,0.000000000000000000,0.000000000000000000,0.000000000000000000,0.000000000000000000,0.000000000000000000,0.000000000000000000,2.000000000000000000,12.000000000000000000,59.000000000000000000,10.000000000000000000,13.000000000000000000,0.000000000000000000,0.000000000000000000,0.000000000000000000,2.000000000000000000,22.000000000000000000,b
0.000000000000000000,11.000000000000000000,3.000000000000000000,0.000000000000000000,16.000000000000000000,0.000000000000000000,4.000000000000000000,0.000000000000000000,0.000000000000000000,2.000000000000000000,0.000000000000000000,1.000000000000000000,2.000000000000000000,0.000000000000000000,16.000000000000000000,18.000000000000000000,0.000000000000000000,11.000000000000000000,0.000000000000000000,0.000000000000000000,12.000000000000000000,5.000000000000000000,95.000000000000000000,51.000000000000000000,0.000000000000000000,0.000000000000000000,2.000000000000000000,0.000000000000000000,132.000000000000000000,0.000000000000000000,1.000000000000000000,15.000000000000000000,19.000000000000000000,2.000000000000000000,13.000000000000000000,0.000000000000000000,0.000000000000000000,12.000000000000000000,27.000000000000000000,1.000000000000000000,b
0.000000000000000000,11.000000000000000000,2.000000000000000000,0.000000000000000000,0.000000000000000000,57.000000000000000000,12.000000000000000000,0.000000000000000000,13.000000000000000000,0.000000000000000000,0.000000000000000000,19.000000000000000000,0.000000000000000000,0.000000000000000000,23.000000000000000000,2.000000000000000000,3.000000000000000000,11.000000000000000000,0.000000000000000000,0.000000000000000000,59.000000000000000000,0.000000000000000000,143.000000000000000000,8.000000000000000000,0.000000000000000000,0.000000000000000000,0.000000000000000000,0.000000000000000000,0.000000000000000000,0.000000000000000000,4.000000000000000000,9.000000000000000000,7.000000000000000000,0.000000000000000000,0.000000000000000000,9.000000000000000000,1.000000000000000000,7.000000000000000000,23.000000000000000000,24.000000000000000000,b
0.000000000000000000,15.000000000000000000,4.000000000000000000,0.000000000000000000,54.000000000000000000,0.000000000000000000,5.000000000000000000,0.000000000000000000,0.000000000000000000,3.000000000000000000,0.000000000000000000,0.000000000000000000,0.000000000000000000,2.000000000000000000,7.000000000000000000,6.000000000000000000,0.000000000000000000,5.000000000000000000,0.000000000000000000,0.000000000000000000,45.000000000000000000,0.000000000000000000,60.000000000000000000,1.000000000000000000,4.000000000000000000,0.000000000000000000,1.000000000000000000,0.000000000000000000,5.000000000000000000,5.000000000000000000,7.000000000000000000,18.000000000000000000,172.000000000000000000,2.000000000000000000,8.000000000000000000,0.000000000000000000,0.000000000000000000,7.000000000000000000,5.000000000000000000,8.000000000000000000,b
0.000000000000000000,22.000000000000000000,1.000000000000000000,0.000000000000000000,57.000000000000000000,0.000000000000000000,19.000000000000000000,3.000000000000000000,0.000000000000000000,0.000000000000000000,0.000000000000000000,34.000000000000000000,1.000000000000000000,2.000000000000000000,22.000000000000000000,9.000000000000000000,0.000000000000000000,20.000000000000000000,0.000000000000000000,0.000000000000000000,18.000000000000000000,0.000000000000000000,68.000000000000000000,0.000000000000000000,0.000000000000000000,0.000000000000000000,0.000000000000000000,1.000000000000000000,0.000000000000000000,0.000000000000000000,1.000000000000000000,22.000000000000000000,131.000000000000000000,0.000000000000000000,6.000000000000000000,0.000000000000000000,0.000000000000000000,6.000000000000000000,20.000000000000000000,11.000000000000000000,b
0.000000000000000000,8.000000000000000000,12.000000000000000000,0.000000000000000000,44.000000000000000000,0.000000000000000000,2.000000000000000000,27.000000000000000000,0.000000000000000000,0.000000000000000000,0.000000000000000000,0.000000000000000000,0.000000000000000000,0.000000000000000000,26.000000000000000000,27.000000000000000000,0.000000000000000000,7.000000000000000000,0.000000000000000000,0.000000000000000000,7.000000000000000000,10.000000000000000000,148.000000000000000000,41.000000000000000000,0.000000000000000000,0.000000000000000000,0.000000000000000000,0.000000000000000000,54.000000000000000000,0.000000000000000000,0.000000000000000000,5.000000000000000000,18.000000000000000000,1.000000000000000000,12.000000000000000000,0.000000000000000000,0.000000000000000000,18.000000000000000000,10.000000000000000000,2.000000000000000000,b
0.000000000000000000,14.000000000000000000,7.000000000000000000,3.000000000000000000,39.000000000000000000,0.000000000000000000,20.000000000000000000,9.000000000000000000,0.000000000000000000,11.000000000000000000,0.000000000000000000,0.000000000000000000,5.000000000000000000,1.000000000000000000,23.000000000000000000,23.000000000000000000,0.000000000000000000,8.000000000000000000,0.000000000000000000,0.000000000000000000,14.000000000000000000,3.000000000000000000,97.000000000000000000,2.000000000000000000,0.000000000000000000,0.000000000000000000,0.000000000000000000,0.000000000000000000,0.000000000000000000,0.000000000000000000,3.000000000000000000,27.000000000000000000,76.000000000000000000,22.000000000000000000,9.000000000000000000,0.000000000000000000,1.000000000000000000,6.000000000000000000,18.000000000000000000,15.000000000000000000,b
0.000000000000000000,14.000000000000000000,7.000000000000000000,3.000000000000000000,39.000000000000000000,0.000000000000000000,21.000000000000000000,9.000000000000000000,0.000000000000000000,11.000000000000000000,0.000000000000000000,0.000000000000000000,5.000000000000000000,1.000000000000000000,24.000000000000000000,23.000000000000000000,0.000000000000000000,8.000000000000000000,0.000000000000000000,0.000000000000000000,14.000000000000000000,3.000000000000000000,97.000000000000000000,2.000000000000000000,0.000000000000000000,0.000000000000000000,0.000000000000000000,0.000000000000000000,0.000000000000000000,0.000000000000000000,3.000000000000000000,27.000000000000000000,78.000000000000000000,22.000000000000000000,9.000000000000000000,0.000000000000000000,1.000000000000000000,6.000000000000000000,18.000000000000000000,15.000000000000000000,b
2.000000000000000000,8.000000000000000000,3.000000000000000000,0.000000000000000000,22.000000000000000000,0.000000000000000000,4.000000000000000000,0.000000000000000000,0.000000000000000000,0.000000000000000000,0.000000000000000000,1.000000000000000000,2.000000000000000000,0.000000000000000000,19.000000000000000000,19.000000000000000000,0.000000000000000000,12.000000000000000000,0.000000000000000000,0.000000000000000000,12.000000000000000000,5.000000000000000000,100.000000000000000000,54.000000000000000000,0.000000000000000000,0.000000000000000000,2.000000000000000000,0.000000000000000000,150.000000000000000000,0.000000000000000000,1.000000000000000000,18.000000000000000000,23.000000000000000000,1.000000000000000000,13.000000000000000000,0.000000000000000000,0.000000000000000000,12.000000000000000000,31.000000000000000000,3.000000000000000000,b
0.000000000000000000,24.000000000000000000,2.000000000000000000,0.000000000000000000,0.000000000000000000,47.000000000000000000,27.000000000000000000,16.000000000000000000,0.000000000000000000,1.000000000000000000,0.000000000000000000,63.000000000000000000,5.000000000000000000,4.000000000000000000,18.000000000000000000,12.000000000000000000,28.000000000000000000,20.000000000000000000,0.000000000000000000,0.000000000000000000,27.000000000000000000,0.000000000000000000,107.000000000000000000,1.000000000000000000,0.000000000000000000,0.000000000000000000,4.000000000000000000,2.000000000000000000,1.000000000000000000,3.000000000000000000,2.000000000000000000,8.000000000000000000,8.000000000000000000,0.000000000000000000,0.000000000000000000,24.000000000000000000,2.000000000000000000,17.000000000000000000,10.000000000000000000,27.000000000000000000,b
0.000000000000000000,25.000000000000000000,2.000000000000000000,0.000000000000000000,0.000000000000000000,54.000000000000000000,23.000000000000000000,12.000000000000000000,0.000000000000000000,3.000000000000000000,0.000000000000000000,48.000000000000000000,5.000000000000000000,1.000000000000000000,16.000000000000000000,10.000000000000000000,16.000000000000000000,20.000000000000000000,0.000000000000000000,0.000000000000000000,32.000000000000000000,0.000000000000000000,130.000000000000000000,2.000000000000000000,0.000000000000000000,0.000000000000000000,2.000000000000000000,2.000000000000000000,3.000000000000000000,3.000000000000000000,2.000000000000000000,9.000000000000000000,9.000000000000000000,0.000000000000000000,0.000000000000000000,20.000000000000000000,2.000000000000000000,17.000000000000000000,14.000000000000000000,25.000000000000000000,b
0.000000000000000000,25.000000000000000000,2.000000000000000000,1.000000000000000000,0.000000000000000000,54.000000000000000000,23.000000000000000000,12.000000000000000000,0.000000000000000000,3.000000000000000000,0.000000000000000000,48.000000000000000000,5.000000000000000000,1.000000000000000000,16.000000000000000000,10.000000000000000000,16.000000000000000000,20.000000000000000000,0.000000000000000000,0.000000000000000000,32.000000000000000000,0.000000000000000000,129.000000000000000000,2.000000000000000000,0.000000000000000000,0.000000000000000000,2.000000000000000000,2.000000000000000000,3.000000000000000000,3.000000000000000000,2.000000000000000000,9.000000000000000000,9.000000000000000000,0.000000000000000000,0.000000000000000000,20.000000000000000000,2.000000000000000000,17.000000000000000000,14.000000000000000000,25.000000000000000000,b
0.000000000000000000,25.000000000000000000,2.000000000000000000,1.000000000000000000,0.000000000000000000,54.000000000000000000,23.000000000000000000,12.000000000000000000,0.000000000000000000,3.000000000000000000,0.000000000000000000,51.000000000000000000,5.000000000000000000,1.000000000000000000,16.000000000000000000,10.000000000000000000,16.000000000000000000,20.000000000000000000,0.000000000000000000,0.000000000000000000,32.000000000000000000,0.000000000000000000,130.000000000000000000,1.000000000000000000,0.000000000000000000,0.000000000000000000,2.000000000000000000,2.000000000000000000,3.000000000000000000,3.000000000000000000,2.000000000000000000,9.000000000000000000,9.000000000000000000,0.000000000000000000,0.000000000000000000,20.000000000000000000,2.000000000000000000,17.000000000000000000,14.000000000000000000,25.000000000000000000,b
0.000000000000000000,25.000000000000000000,2.000000000000000000,1.000000000000000000,0.000000000000000000,54.000000000000000000,23.000000000000000000,12.000000000000000000,0.000000000000000000,3.000000000000000000,0.000000000000000000,51.000000000000000000,5.000000000000000000,1.000000000000000000,16.000000000000000000,10.000000000000000000,16.000000000000000000,20.000000000000000000,0.000000000000000000,0.000000000000000000,32.000000000000000000,0.000000000000000000,130.000000000000000000,1.000000000000000000,0.000000000000000000,0.000000000000000000,2.000000000000000000,2.000000000000000000,3.000000000000000000,3.000000000000000000,2.000000000000000000,9.000000000000000000,9.000000000000000000,0.000000000000000000,0.000000000000000000,20.000000000000000000,2.000000000000000000,17.000000000000000000,14.000000000000000000,25.000000000000000000,b
0.000000000000000000,7.000000000000000000,4.000000000000000000,0.000000000000000000,24.000000000000000000,0.000000000000000000,16.000000000000000000,1.000000000000000000,0.000000000000000000,11.000000000000000000,0.000000000000000000,1.000000000000000000,2.000000000000000000,0.000000000000000000,17.000000000000000000,34.000000000000000000,0.000000000000000000,9.000000000000000000,0.000000000000000000,0.000000000000000000,13.000000000000000000,5.000000000000000000,128.000000000000000000,38.000000000000000000,0.000000000000000000,0.000000000000000000,2.000000000000000000,0.000000000000000000,126.000000000000000000,0.000000000000000000,5.000000000000000000,14.000000000000000000,22.000000000000000000,0.000000000000000000,12.000000000000000000,0.000000000000000000,9.000000000000000000,19.000000000000000000,19.000000000000000000,12.000000000000000000,b
0.000000000000000000,26.000000000000000000,2.000000000000000000,0.000000000000000000,0.000000000000000000,54.000000000000000000,30.000000000000000000,16.000000000000000000,0.000000000000000000,2.000000000000000000,0.000000000000000000,51.000000000000000000,5.000000000000000000,4.000000000000000000,19.000000000000000000,12.000000000000000000,36.000000000000000000,20.000000000000000000,0.000000000000000000,0.000000000000000000,36.000000000000000000,0.000000000000000000,124.000000000000000000,1.000000000000000000,0.000000000000000000,0.000000000000000000,4.000000000000000000,2.000000000000000000,2.000000000000000000,3.000000000000000000,3.000000000000000000,13.000000000000000000,13.000000000000000000,0.000000000000000000,0.000000000000000000,25.000000000000000000,2.000000000000000000,19.000000000000000000,10.000000000000000000,28.000000000000000000,b
0.000000000000000000,24.000000000000000000,2.000000000000000000,1.000000000000000000,0.000000000000000000,57.000000000000000000,22.000000000000000000,13.000000000000000000,1.000000000000000000,4.000000000000000000,0.000000000000000000,78.000000000000000000,5.000000000000000000,1.000000000000000000,19.000000000000000000,12.000000000000000000,16.000000000000000000,23.000000000000000000,0.000000000000000000,0.000000000000000000,34.000000000000000000,0.000000000000000000,132.000000000000000000,5.000000000000000000,0.000000000000000000,0.000000000000000000,3.000000000000000000,2.000000000000000000,4.000000000000000000,3.000000000000000000,2.000000000000000000,8.000000000000000000,8.000000000000000000,0.000000000000000000,0.000000000000000000,22.000000000000000000,3.000000000000000000,17.000000000000000000,15.000000000000000000,27.000000000000000000,b
0.000000000000000000,13.000000000000000000,1.000000000000000000,4.000000000000000000,68.000000000000000000,0.000000000000000000,23.000000000000000000,12.000000000000000000,6.000000000000000000,6.000000000000000000,0.000000000000000000,18.000000000000000000,5.000000000000000000,3.000000000000000000,18.000000000000000000,28.000000000000000000,0.000000000000000000,20.000000000000000000,0.000000000000000000,0.000000000000000000,11.000000000000000000,3.000000000000000000,130.000000000000000000,16.000000000000000000,0.000000000000000000,0.000000000000000000,4.000000000000000000,2.000000000000000000,0.000000000000000000,3.000000000000000000,1.000000000000000000,42.000000000000000000,91.000000000000000000,15.000000000000000000,24.000000000000000000,0.000000000000000000,3.000000000000000000,5.000000000000000000,17.000000000000000000,25.000000000000000000,b
8.000000000000000000,67.000000000000000000,5.000000000000000000,0.000000000000000000,0.000000000000000000,26.000000000000000000,15.000000000000000000,0.000000000000000000,4.000000000000000000,10.000000000000000000,0.000000000000000000,118.000000000000000000,0.000000000000000000,3.000000000000000000,28.000000000000000000,2.000000000000000000,14.000000000000000000,15.000000000000000000,0.000000000000000000,0.000000000000000000,28.000000000000000000,0.000000000000000000,116.000000000000000000,9.000000000000000000,0.000000000000000000,0.000000000000000000,4.000000000000000000,0.000000000000000000,3.000000000000000000,1.000000000000000000,10.000000000000000000,11.000000000000000000,15.000000000000000000,0.000000000000000000,0.000000000000000000,7.000000000000000000,0.000000000000000000,8.000000000000000000,26.000000000000000000,14.000000000000000000,b
0.000000000000000000,26.000000000000000000,2.000000000000000000,0.000000000000000000,0.000000000000000000,64.000000000000000000,22.000000000000000000,14.000000000000000000,0.000000000000000000,1.000000000000000000,0.000000000000000000,69.000000000000000000,5.000000000000000000,2.000000000000000000,25.000000000000000000,17.000000000000000000,19.000000000000000000,23.000000000000000000,0.000000000000000000,0.000000000000000000,34.000000000000000000,0.000000000000000000,159.000000000000000000,4.000000000000000000,0.000000000000000000,0.000000000000000000,3.000000000000000000,2.000000000000000000,1.000000000000000000,3.000000000000000000,2.000000000000000000,8.000000000000000000,8.000000000000000000,0.000000000000000000,0.000000000000000000,21.000000000000000000,2.000000000000000000,18.000000000000000000,18.000000000000000000,31.000000000000000000,b
0.000000000000000000,30.000000000000000000,5.000000000000000000,0.000000000000000000,0.000000000000000000,63.000000000000000000,21.000000000000000000,13.000000000000000000,1.000000000000000000,2.000000000000000000,0.000000000000000000,76.000000000000000000,5.000000000000000000,1.000000000000000000,19.000000000000000000,11.000000000000000000,16.000000000000000000,21.000000000000000000,0.000000000000000000,0.000000000000000000,37.000000000000000000,0.000000000000000000,160.000000000000000000,4.000000000000000000,0.000000000000000000,0.000000000000000000,2.000000000000000000,3.000000000000000000,3.000000000000000000,3.000000000000000000,2.000000000000000000,9.000000000000000000,9.000000000000000000,0.000000000000000000,0.000000000000000000,23.000000000000000000,2.000000000000000000,20.000000000000000000,11.000000000000000000,30.000000000000000000,b
0.000000000000000000,16.000000000000000000,1.000000000000000000,3.000000000000000000,67.000000000000000000,0.000000000000000000,29.000000000000000000,9.000000000000000000,6.000000000000000000,3.000000000000000000,0.000000000000000000,28.000000000000000000,5.000000000000000000,3.000000000000000000,17.000000000000000000,24.000000000000000000,0.000000000000000000,22.000000000000000000,0.000000000000000000,0.000000000000000000,10.000000000000000000,2.000000000000000000,132.000000000000000000,12.000000000000000000,0.000000000000000000,0.000000000000000000,3.000000000000000000,2.000000000000000000,0.000000000000000000,3.000000000000000000,1.000000000000000000,52.000000000000000000,89.000000000000000000,18.000000000000000000,27.000000000000000000,0.000000000000000000,2.000000000000000000,5.000000000000000000,13.000000000000000000,30.000000000000000000,b
0.000000000000000000,14.000000000000000000,1.000000000000000000,3.000000000000000000,63.000000000000000000,0.000000000000000000,30.000000000000000000,9.000000000000000000,6.000000000000000000,3.000000000000000000,0.000000000000000000,33.000000000000000000,5.000000000000000000,1.000000000000000000,17.000000000000000000,22.000000000000000000,0.000000000000000000,22.000000000000000000,0.000000000000000000,0.000000000000000000,9.000000000000000000,2.000000000000000000,150.000000000000000000,12.000000000000000000,0.000000000000000000,0.000000000000000000,2.000000000000000000,2.000000000000000000,0.000000000000000000,3.000000000000000000,2.000000000000000000,51.000000000000000000,97.000000000000000000,18.000000000000000000,26.000000000000000000,0.000000000000000000,2.000000000000000000,5.000000000000000000,12.000000000000000000,28.000000000000000000,b
0.000000000000000000,15.000000000000000000,1.000000000000000000,3.000000000000000000,65.000000000000000000,0.000000000000000000,32.000000000000000000,9.000000000000000000,6.000000000000000000,3.000000000000000000,0.000000000000000000,32.000000000000000000,5.000000000000000000,3.000000000000000000,17.000000000000000000,25.000000000000000000,0.000000000000000000,21.000000000000000000,0.000000000000000000,0.000000000000000000,10.000000000000000000,2.000000000000000000,151.000000000000000000,12.000000000000000000,0.000000000000000000,0.000000000000000000,3.000000000000000000,2.000000000000000000,0.000000000000000000,3.000000000000000000,1.000000000000000000,56.000000000000000000,96.000000000000000000,18.000000000000000000,26.000000000000000000,0.000000000000000000,2.000000000000000000,5.000000000000000000,12.000000000000000000,28.000000000000000000,b
0.000000000000000000,15.000000000000000000,1.000000000000000000,3.000000000000000000,65.000000000000000000,0.000000000000000000,32.000000000000000000,9.000000000000000000,6.000000000000000000,3.000000000000000000,0.000000000000000000,32.000000000000000000,5.000000000000000000,3.000000000000000000,17.000000000000000000,25.000000000000000000,0.000000000000000000,21.000000000000000000,0.000000000000000000,0.000000000000000000,10.000000000000000000,2.000000000000000000,151.000000000000000000,12.000000000000000000,0.000000000000000000,0.000000000000000000,3.000000000000000000,2.000000000000000000,0.000000000000000000,3.000000000000000000,1.000000000000000000,56.000000000000000000,96.000000000000000000,18.000000000000000000,26.000000000000000000,0.000000000000000000,2.000000000000000000,5.000000000000000000,12.000000000000000000,28.000000000000000000,b
0.000000000000000000,15.000000000000000000,1.000000000000000000,3.000000000000000000,65.000000000000000000,0.000000000000000000,32.000000000000000000,9.000000000000000000,6.000000000000000000,3.000000000000000000,0.000000000000000000,32.000000000000000000,5.000000000000000000,3.000000000000000000,17.000000000000000000,25.000000000000000000,0.000000000000000000,21.000000000000000000,0.000000000000000000,0.000000000000000000,10.000000000000000000,2.000000000000000000,151.000000000000000000,12.000000000000000000,0.000000000000000000,0.000000000000000000,3.000000000000000000,2.000000000000000000,0.000000000000000000,3.000000000000000000,1.000000000000000000,56.000000000000000000,96.000000000000000000,18.000000000000000000,26.000000000000000000,0.000000000000000000,2.000000000000000000,5.000000000000000000,12.000000000000000000,28.000000000000000000,b
0.000000000000000000,15.000000000000000000,1.000000000000000000,3.000000000000000000,65.000000000000000000,0.000000000000000000,32.000000000000000000,9.000000000000000000,6.000000000000000000,3.000000000000000000,0.000000000000000000,32.000000000000000000,5.000000000000000000,3.000000000000000000,17.000000000000000000,25.000000000000000000,0.000000000000000000,21.000000000000000000,0.000000000000000000,0.000000000000000000,10.000000000000000000,2.000000000000000000,151.000000000000000000,12.000000000000000000,0.000000000000000000,0.000000000000000000,3.000000000000000000,2.000000000000000000,0.000000000000000000,3.000000000000000000,1.000000000000000000,56.000000000000000000,96.000000000000000000,18.000000000000000000,26.000000000000000000,0.000000000000000000,2.000000000000000000,5.000000000000000000,12.000000000000000000,28.000000000000000000,b
0.000000000000000000,15.000000000000000000,1.000000000000000000,3.000000000000000000,65.000000000000000000,0.000000000000000000,32.000000000000000000,9.000000000000000000,6.000000000000000000,3.000000000000000000,0.000000000000000000,32.000000000000000000,5.000000000000000000,3.000000000000000000,17.000000000000000000,25.000000000000000000,0.000000000000000000,21.000000000000000000,0.000000000000000000,0.000000000000000000,10.000000000000000000,2.000000000000000000,151.000000000000000000,12.000000000000000000,0.000000000000000000,0.000000000000000000,3.000000000000000000,2.000000000000000000,0.000000000000000000,3.000000000000000000,1.000000000000000000,56.000000000000000000,96.000000000000000000,18.000000000000000000,26.000000000000000000,0.000000000000000000,2.000000000000000000,5.000000000000000000,12.000000000000000000,28.000000000000000000,b
0.000000000000000000,15.000000000000000000,1.000000000000000000,3.000000000000000000,65.000000000000000000,0.000000000000000000,32.000000000000000000,9.000000000000000000,6.000000000000000000,3.000000000000000000,0.000000000000000000,32.000000000000000000,5.000000000000000000,3.000000000000000000,17.000000000000000000,25.000000000000000000,0.000000000000000000,21.000000000000000000,0.000000000000000000,0.000000000000000000,10.000000000000000000,2.000000000000000000,151.000000000000000000,12.000000000000000000,0.000000000000000000,0.000000000000000000,3.000000000000000000,2.000000000000000000,0.000000000000000000,3.000000000000000000,1.000000000000000000,56.000000000000000000,96.000000000000000000,18.000000000000000000,26.000000000000000000,0.000000000000000000,2.000000000000000000,5.000000000000000000,12.000000000000000000,28.000000000000000000,b
0.000000000000000000,15.000000000000000000,1.000000000000000000,3.000000000000000000,65.000000000000000000,0.000000000000000000,32.000000000000000000,9.000000000000000000,6.000000000000000000,3.000000000000000000,0.000000000000000000,32.000000000000000000,5.000000000000000000,3.000000000000000000,17.000000000000000000,25.000000000000000000,0.000000000000000000,21.000000000000000000,0.000000000000000000,0.000000000000000000,10.000000000000000000,2.000000000000000000,151.000000000000000000,12.000000000000000000,0.000000000000000000,0.000000000000000000,3.000000000000000000,2.000000000000000000,0.000000000000000000,3.000000000000000000,1.000000000000000000,56.000000000000000000,96.000000000000000000,18.000000000000000000,26.000000000000000000,0.000000000000000000,2.000000000000000000,5.000000000000000000,12.000000000000000000,28.000000000000000000,b
0.000000000000000000,15.000000000000000000,1.000000000000000000,3.000000000000000000,65.000000000000000000,0.000000000000000000,32.000000000000000000,9.000000000000000000,6.000000000000000000,3.000000000000000000,0.000000000000000000,32.000000000000000000,5.000000000000000000,3.000000000000000000,17.000000000000000000,25.000000000000000000,0.000000000000000000,21.000000000000000000,0.000000000000000000,0.000000000000000000,10.000000000000000000,2.000000000000000000,151.000000000000000000,12.000000000000000000,0.000000000000000000,0.000000000000000000,3.000000000000000000,2.000000000000000000,0.000000000000000000,3.000000000000000000,1.000000000000000000,56.000000000000000000,96.000000000000000000,18.000000000000000000,26.000000000000000000,0.000000000000000000,2.000000000000000000,5.000000000000000000,12.000000000000000000,28.000000000000000000,b
0.000000000000000000,15.000000000000000000,1.000000000000000000,3.000000000000000000,65.000000000000000000,0.000000000000000000,32.000000000000000000,9.000000000000000000,6.000000000000000000,3.000000000000000000,0.000000000000000000,32.000000000000000000,5.000000000000000000,3.000000000000000000,17.000000000000000000,25.000000000000000000,0.000000000000000000,21.000000000000000000,0.000000000000000000,0.000000000000000000,10.000000000000000000,2.000000000000000000,151.000000000000000000,12.000000000000000000,0.000000000000000000,0.000000000000000000,3.000000000000000000,2.000000000000000000,0.000000000000000000,3.000000000000000000,1.000000000000000000,56.000000000000000000,96.000000000000000000,18.000000000000000000,26.000000000000000000,0.000000000000000000,2.000000000000000000,5.000000000000000000,12.000000000000000000,28.000000000000000000,b
0.000000000000000000,15.000000000000000000,1.000000000000000000,3.000000000000000000,65.000000000000000000,0.000000000000000000,32.000000000000000000,9.000000000000000000,6.000000000000000000,3.000000000000000000,0.000000000000000000,32.000000000000000000,5.000000000000000000,3.000000000000000000,17.000000000000000000,25.000000000000000000,0.000000000000000000,21.000000000000000000,0.000000000000000000,0.000000000000000000,10.000000000000000000,2.000000000000000000,151.000000000000000000,12.000000000000000000,0.000000000000000000,0.000000000000000000,3.000000000000000000,2.000000000000000000,0.000000000000000000,3.000000000000000000,1.000000000000000000,56.000000000000000000,96.000000000000000000,18.000000000000000000,26.000000000000000000,0.000000000000000000,2.000000000000000000,5.000000000000000000,12.000000000000000000,28.000000000000000000,b
0.000000000000000000,15.000000000000000000,1.000000000000000000,3.000000000000000000,65.000000000000000000,0.000000000000000000,32.000000000000000000,9.000000000000000000,6.000000000000000000,3.000000000000000000,0.000000000000000000,32.000000000000000000,5.000000000000000000,3.000000000000000000,17.000000000000000000,25.000000000000000000,0.000000000000000000,21.000000000000000000,0.000000000000000000,0.000000000000000000,10.000000000000000000,2.000000000000000000,151.000000000000000000,12.000000000000000000,0.000000000000000000,0.000000000000000000,3.000000000000000000,2.000000000000000000,0.000000000000000000,3.000000000000000000,1.000000000000000000,56.000000000000000000,96.000000000000000000,18.000000000000000000,26.000000000000000000,0.000000000000000000,2.000000000000000000,5.000000000000000000,12.000000000000000000,28.000000000000000000,b
0.000000000000000000,15.000000000000000000,1.000000000000000000,3.000000000000000000,65.000000000000000000,0.000000000000000000,32.000000000000000000,9.000000000000000000,6.000000000000000000,3.000000000000000000,0.000000000000000000,32.000000000000000000,5.000000000000000000,3.000000000000000000,17.000000000000000000,25.000000000000000000,0.000000000000000000,21.000000000000000000,0.000000000000000000,0.000000000000000000,10.000000000000000000,2.000000000000000000,151.000000000000000000,12.000000000000000000,0.000000000000000000,0.000000000000000000,3.000000000000000000,2.000000000000000000,0.000000000000000000,3.000000000000000000,1.000000000000000000,56.000000000000000000,96.000000000000000000,18.000000000000000000,26.000000000000000000,0.000000000000000000,2.000000000000000000,5.000000000000000000,12.000000000000000000,28.000000000000000000,b
0.000000000000000000,15.000000000000000000,1.000000000000000000,3.000000000000000000,65.000000000000000000,0.000000000000000000,32.000000000000000000,9.000000000000000000,6.000000000000000000,3.000000000000000000,0.000000000000000000,32.000000000000000000,5.000000000000000000,3.000000000000000000,17.000000000000000000,25.000000000000000000,0.000000000000000000,21.000000000000000000,0.000000000000000000,0.000000000000000000,10.000000000000000000,2.000000000000000000,151.000000000000000000,12.000000000000000000,0.000000000000000000,0.000000000000000000,3.000000000000000000,2.000000000000000000,0.000000000000000000,3.000000000000000000,1.000000000000000000,56.000000000000000000,96.000000000000000000,18.000000000000000000,26.000000000000000000,0.000000000000000000,2.000000000000000000,5.000000000000000000,12.000000000000000000,28.000000000000000000,b
0.000000000000000000,15.000000000000000000,1.000000000000000000,3.000000000000000000,65.000000000000000000,0.000000000000000000,32.000000000000000000,9.000000000000000000,6.000000000000000000,3.000000000000000000,0.000000000000000000,32.000000000000000000,5.000000000000000000,3.000000000000000000,17.000000000000000000,25.000000000000000000,0.000000000000000000,21.000000000000000000,0.000000000000000000,0.000000000000000000,10.000000000000000000,2.000000000000000000,151.000000000000000000,12.000000000000000000,0.000000000000000000,0.000000000000000000,3.000000000000000000,2.000000000000000000,0.000000000000000000,3.000000000000000000,1.000000000000000000,56.000000000000000000,96.000000000000000000,18.000000000000000000,26.000000000000000000,0.000000000000000000,2.000000000000000000,5.000000000000000000,12.000000000000000000,28.000000000000000000,b
0.000000000000000000,15.000000000000000000,1.000000000000000000,3.000000000000000000,65.000000000000000000,0.000000000000000000,32.000000000000000000,9.000000000000000000,6.000000000000000000,3.000000000000000000,0.000000000000000000,32.000000000000000000,5.000000000000000000,3.000000000000000000,17.000000000000000000,25.000000000000000000,0.000000000000000000,21.000000000000000000,0.000000000000000000,0.000000000000000000,10.000000000000000000,2.000000000000000000,151.000000000000000000,12.000000000000000000,0.000000000000000000,0.000000000000000000,3.000000000000000000,2.000000000000000000,0.000000000000000000,3.000000000000000000,1.000000000000000000,56.000000000000000000,96.000000000000000000,18.000000000000000000,26.000000000000000000,0.000000000000000000,2.000000000000000000,5.000000000000000000,12.000000000000000000,28.000000000000000000,b
0.000000000000000000,15.000000000000000000,1.000000000000000000,3.000000000000000000,65.000000000000000000,0.000000000000000000,32.000000000000000000,9.000000000000000000,6.000000000000000000,3.000000000000000000,0.000000000000000000,32.000000000000000000,5.000000000000000000,3.000000000000000000,17.000000000000000000,25.000000000000000000,0.000000000000000000,21.000000000000000000,0.000000000000000000,0.000000000000000000,10.000000000000000000,2.000000000000000000,151.000000000000000000,12.000000000000000000,0.000000000000000000,0.000000000000000000,3.000000000000000000,2.000000000000000000,0.000000000000000000,3.000000000000000000,1.000000000000000000,56.000000000000000000,96.000000000000000000,18.000000000000000000,26.000000000000000000,0.000000000000000000,2.000000000000000000,5.000000000000000000,12.000000000000000000,28.000000000000000000,b
0.000000000000000000,14.000000000000000000,0.000000000000000000,0.000000000000000000,0.000000000000000000,23.000000000000000000,5.000000000000000000,0.000000000000000000,0.000000000000000000,0.000000000000000000,0.000000000000000000,0.000000000000000000,1.000000000000000000,0.000000000000000000,19.000000000000000000,1.000000000000000000,37.000000000000000000,3.000000000000000000,0.000000000000000000,0.000000000000000000,44.000000000000000000,0.000000000000000000,121.000000000000000000,11.000000000000000000,0.000000000000000000,0.000000000000000000,0.000000000000000000,0.000000000000000000,302.000000000000000000,0.000000000000000000,0.000000000000000000,9.000000000000000000,10.000000000000000000,0.000000000000000000,0.000000000000000000,11.000000000000000000,2.000000000000000000,8.000000000000000000,11.000000000000000000,21.000000000000000000,b
0.000000000000000000,15.000000000000000000,1.000000000000000000,5.000000000000000000,59.000000000000000000,0.000000000000000000,22.000000000000000000,14.000000000000000000,6.000000000000000000,3.000000000000000000,1.000000000000000000,35.000000000000000000,5.000000000000000000,1.000000000000000000,19.000000000000000000,27.000000000000000000,0.000000000000000000,22.000000000000000000,0.000000000000000000,0.000000000000000000,9.000000000000000000,0.000000000000000000,143.000000000000000000,14.000000000000000000,0.000000000000000000,0.000000000000000000,2.000000000000000000,2.000000000000000000,0.000000000000000000,3.000000000000000000,2.000000000000000000,65.000000000000000000,94.000000000000000000,19.000000000000000000,29.000000000000000000,0.000000000000000000,2.000000000000000000,5.000000000000000000,15.000000000000000000,30.000000000000000000,b
